{
  "L1_only": {
    "originality": 0.32288736979166666,
    "fitness": 4.406041666666667,
    "trend": "\u0421\u0422\u0410\u0411\u0418\u041b\u042c\u041d\u0410",
    "early_orig": 0.3370084635416667
  },
  "L1_L2": {
    "originality": 0.2637532552083333,
    "fitness": 5.848541666666667,
    "trend": "\u041f\u0410\u0414\u0410\u0415\u0422",
    "early_orig": 0.29047200520833333
  },
  "L1_L2_L3": {
    "originality": 0.20286783854166668,
    "fitness": 6.498333333333333,
    "trend": "\u041f\u0410\u0414\u0410\u0415\u0422",
    "early_orig": 0.24150065104166665
  },
  "adaptive": {
    "originality": 0.21121419270833333,
    "fitness": 6.315625,
    "trend": "\u041f\u0410\u0414\u0410\u0415\u0422",
    "early_orig": 0.25012369791666667
  }
}