{
  "stationary": {
    "0": {
      "depth": 0,
      "mae": 0.15765,
      "bias": 0.12736,
      "rmse": 0.19385,
      "mae_last50": 0.13248,
      "bias_last50": 0.11345
    },
    "1": {
      "depth": 1,
      "mae": 0.12618,
      "bias": 0.05785,
      "rmse": 0.15765,
      "mae_last50": 0.09951,
      "bias_last50": 0.05046
    },
    "2": {
      "depth": 2,
      "mae": 0.12665,
      "bias": 0.05921,
      "rmse": 0.15822,
      "mae_last50": 0.09975,
      "bias_last50": 0.05119
    },
    "3": {
      "depth": 3,
      "mae": 0.12598,
      "bias": 0.05716,
      "rmse": 0.1574,
      "mae_last50": 0.09942,
      "bias_last50": 0.05017
    },
    "4": {
      "depth": 4,
      "mae": 0.12655,
      "bias": 0.05893,
      "rmse": 0.15811,
      "mae_last50": 0.09971,
      "bias_last50": 0.05107
    },
    "5": {
      "depth": 5,
      "mae": 0.12609,
      "bias": 0.05749,
      "rmse": 0.15753,
      "mae_last50": 0.09948,
      "bias_last50": 0.05036
    },
    "6": {
      "depth": 6,
      "mae": 0.12639,
      "bias": 0.05843,
      "rmse": 0.1579,
      "mae_last50": 0.09962,
      "bias_last50": 0.0508
    },
    "7": {
      "depth": 7,
      "mae": 0.12625,
      "bias": 0.058,
      "rmse": 0.15773,
      "mae_last50": 0.09956,
      "bias_last50": 0.05061
    },
    "8": {
      "depth": 8,
      "mae": 0.1263,
      "bias": 0.05814,
      "rmse": 0.15779,
      "mae_last50": 0.09958,
      "bias_last50": 0.05067
    }
  },
  "nonstationary": {
    "0": {
      "depth": 0,
      "mae": 0.15442,
      "bias": 0.0706,
      "phases": {
        "phase_0": {
          "mae": 0.16745,
          "bias": 0.13397
        },
        "phase_1": {
          "mae": 0.12406,
          "bias": -0.06598
        },
        "phase_2": {
          "mae": 0.20172,
          "bias": 0.1752
        },
        "phase_3": {
          "mae": 0.12965,
          "bias": 0.06454
        }
      }
    },
    "1": {
      "depth": 1,
      "mae": 0.14344,
      "bias": 0.0308,
      "phases": {
        "phase_0": {
          "mae": 0.11433,
          "bias": 0.05917
        },
        "phase_1": {
          "mae": 0.14512,
          "bias": -0.07939
        },
        "phase_2": {
          "mae": 0.1681,
          "bias": 0.11411
        },
        "phase_3": {
          "mae": 0.13458,
          "bias": 0.04066
        }
      }
    },
    "2": {
      "depth": 2,
      "mae": 0.13785,
      "bias": 0.02839,
      "phases": {
        "phase_0": {
          "mae": 0.12425,
          "bias": 0.05014
        },
        "phase_1": {
          "mae": 0.13539,
          "bias": -0.07513
        },
        "phase_2": {
          "mae": 0.17778,
          "bias": 0.14118
        },
        "phase_3": {
          "mae": 0.10853,
          "bias": 0.00606
        }
      }
    },
    "3": {
      "depth": 3,
      "mae": 0.13824,
      "bias": 0.02829,
      "phases": {
        "phase_0": {
          "mae": 0.11494,
          "bias": 0.06363
        },
        "phase_1": {
          "mae": 0.1584,
          "bias": -0.09577
        },
        "phase_2": {
          "mae": 0.14101,
          "bias": 0.1156
        },
        "phase_3": {
          "mae": 0.12931,
          "bias": 0.04384
        }
      }
    },
    "4": {
      "depth": 4,
      "mae": 0.1413,
      "bias": 0.0447,
      "phases": {
        "phase_0": {
          "mae": 0.12297,
          "bias": 0.0747
        },
        "phase_1": {
          "mae": 0.12537,
          "bias": -0.07753
        },
        "phase_2": {
          "mae": 0.16249,
          "bias": 0.12986
        },
        "phase_3": {
          "mae": 0.14703,
          "bias": 0.06376
        }
      }
    },
    "5": {
      "depth": 5,
      "mae": 0.13472,
      "bias": 0.02435,
      "phases": {
        "phase_0": {
          "mae": 0.13623,
          "bias": 0.07507
        },
        "phase_1": {
          "mae": 0.12957,
          "bias": -0.07749
        },
        "phase_2": {
          "mae": 0.14972,
          "bias": 0.11851
        },
        "phase_3": {
          "mae": 0.12398,
          "bias": 0.00161
        }
      }
    },
    "6": {
      "depth": 6,
      "mae": 0.15221,
      "bias": 0.02066,
      "phases": {
        "phase_0": {
          "mae": 0.10975,
          "bias": 0.06287
        },
        "phase_1": {
          "mae": 0.15272,
          "bias": -0.10266
        },
        "phase_2": {
          "mae": 0.18063,
          "bias": 0.14991
        },
        "phase_3": {
          "mae": 0.14874,
          "bias": -0.01061
        }
      }
    },
    "7": {
      "depth": 7,
      "mae": 0.14373,
      "bias": 0.02948,
      "phases": {
        "phase_0": {
          "mae": 0.15817,
          "bias": 0.05451
        },
        "phase_1": {
          "mae": 0.13606,
          "bias": -0.07126
        },
        "phase_2": {
          "mae": 0.18657,
          "bias": 0.14356
        },
        "phase_3": {
          "mae": 0.0999,
          "bias": 0.00114
        }
      }
    },
    "8": {
      "depth": 8,
      "mae": 0.14795,
      "bias": 0.02143,
      "phases": {
        "phase_0": {
          "mae": 0.15371,
          "bias": 0.05209
        },
        "phase_1": {
          "mae": 0.1616,
          "bias": -0.11978
        },
        "phase_2": {
          "mae": 0.16062,
          "bias": 0.13401
        },
        "phase_3": {
          "mae": 0.11818,
          "bias": 0.03168
        }
      }
    }
  }
}